City_ID,City,Country,Date,Lat,Lng,Max Temp,Humidity,Cloudiness,Wind Speed
0,Thompson,CA,2022-09-27 20:44:54,55.7435,-97.8558,57.36,47,40,10.36
1,Pechenga,RU,2022-09-27 20:44:54,69.5259,31.1703,44.6,82,85,7.43
2,Ushuaia,AR,2022-09-27 20:44:54,-54.8,-68.3,53.22,61,20,37.98
3,Mnogovershinnyy,RU,2022-09-27 20:44:55,53.9353,139.9242,36.18,77,90,3.18
4,Igrim,RU,2022-09-27 20:44:55,63.1906,64.4162,26.78,89,59,6.44
5,Bluff,NZ,2022-09-27 20:44:55,-46.6,168.3333,49.8,88,77,4.83
6,Labuhan,ID,2022-09-27 20:44:56,-6.8844,112.2051,76.23,79,36,9.22
7,Tasiilaq,GL,2022-09-27 20:44:56,65.6145,-37.6368,37.56,98,100,1.36
8,Norman Wells,CA,2022-09-27 20:44:56,65.282,-126.8329,46.44,66,20,13.8
9,Port Hedland,AU,2022-09-27 20:44:57,-20.3167,118.5667,62.65,55,43,3.44
10,Lipin Bor,RU,2022-09-27 20:44:57,60.2622,37.9763,44.35,96,100,9.44
11,Barrow,US,2022-09-27 20:44:57,71.2906,-156.7887,30.22,86,75,9.22
12,Albany,US,2022-09-27 20:40:46,42.6001,-73.9662,63.95,74,64,7.92
13,Juneau,US,2022-09-27 20:44:58,58.3019,-134.4197,53.6,94,75,0.0
14,Port Elizabeth,ZA,2022-09-27 20:44:58,-33.918,25.5701,64.69,99,100,17.27
15,Guarapari,BR,2022-09-27 20:44:58,-20.6667,-40.4975,74.89,95,80,10.49
16,Hobart,AU,2022-09-27 20:43:58,-42.8794,147.3294,50.25,94,75,8.05
17,Upernavik,GL,2022-09-27 20:44:59,72.7868,-56.1549,36.93,98,100,13.89
18,Saint George,US,2022-09-27 20:41:02,37.1041,-113.5841,93.25,23,0,16.11
19,Mataura,NZ,2022-09-27 20:44:59,-46.1927,168.8643,49.48,88,46,3.22
20,Ponta Delgada,PT,2022-09-27 20:44:59,37.7333,-25.6667,69.49,73,20,6.91
21,Atar,MR,2022-09-27 20:45:00,20.5169,-13.0499,96.67,31,48,4.36
22,Lobatse,BW,2022-09-27 20:45:00,-25.2167,25.6667,74.7,23,9,12.97
23,Avarua,CK,2022-09-27 20:45:01,-21.2078,-159.775,78.85,89,85,4.61
24,Rikitea,PF,2022-09-27 20:45:01,-23.1203,-134.9692,69.55,58,73,8.68
25,Batemans Bay,AU,2022-09-27 20:45:01,-35.7167,150.1833,58.1,98,100,3.0
26,Nikolskoye,RU,2022-09-27 20:45:02,59.7035,30.7861,48.09,96,11,4.16
27,Busselton,AU,2022-09-27 20:45:02,-33.65,115.3333,49.95,91,15,8.43
28,Hualmay,PE,2022-09-27 20:45:03,-11.0964,-77.6139,64.83,75,99,11.59
29,Carnarvon,AU,2022-09-27 20:45:03,-24.8667,113.6333,66.04,34,1,12.46
30,Cape Town,ZA,2022-09-27 20:44:12,-33.9258,18.4232,58.12,73,0,4.0
31,Campobasso,IT,2022-09-27 20:45:04,41.6333,14.5833,61.81,83,93,14.72
32,Saint-Philippe,RE,2022-09-27 20:45:04,-21.3585,55.7679,65.79,72,44,12.24
33,Butaritari,KI,2022-09-27 20:45:04,3.0707,172.7902,82.78,71,37,17.52
34,Havoysund,NO,2022-09-27 20:45:05,70.9963,24.6622,46.63,81,57,13.71
35,Adrar,MR,2022-09-27 20:45:05,20.5022,-10.0711,98.15,15,89,6.33
36,Vaini,TO,2022-09-27 20:45:05,-21.2,-175.2,73.56,94,75,2.3
37,Puerto Ayora,EC,2022-09-27 20:45:05,-0.7393,-90.3518,75.16,87,81,7.0
38,Atuona,PF,2022-09-27 20:45:06,-9.8,-139.0333,76.62,76,0,17.98
39,Punta Arenas,CL,2022-09-27 20:42:30,-53.15,-70.9167,51.91,50,40,31.07
40,Saskylakh,RU,2022-09-27 20:45:06,71.9167,114.0833,23.47,96,92,6.58
41,Birao,CF,2022-09-27 20:45:07,10.2849,22.7882,72.1,95,96,4.97
42,Saint Anthony,US,2022-09-27 20:45:07,45.0205,-93.218,61.75,39,0,12.66
43,Matara,LK,2022-09-27 20:45:08,5.9485,80.5353,78.12,86,99,11.43
44,Vidim,RU,2022-09-27 20:45:09,56.4088,103.1106,28.31,86,96,4.34
45,Raudeberg,NO,2022-09-27 20:45:09,61.9875,5.1352,51.96,51,100,7.34
46,Otacilio Costa,BR,2022-09-27 20:45:09,-27.4831,-50.1219,60.26,90,100,3.83
47,Bredasdorp,ZA,2022-09-27 20:46:10,-34.5322,20.0403,52.93,92,0,3.36
48,Asau,RO,2022-09-27 20:46:10,46.4333,26.4,58.28,71,99,3.4
49,Luderitz,NA,2022-09-27 20:46:10,-26.6481,15.1594,56.34,68,0,12.17
50,Rivne,UA,2022-09-27 20:46:11,50.6231,26.2274,54.64,84,100,3.13
51,Hokitika,NZ,2022-09-27 20:46:11,-42.7167,170.9667,51.87,93,100,6.15
52,Lebu,CL,2022-09-27 20:46:12,-37.6167,-73.65,53.98,70,0,18.28
53,Ciudad Del Maiz,MX,2022-09-27 20:46:12,22.4,-99.6,73.06,54,53,12.3
54,Quatre Cocos,MU,2022-09-27 20:46:12,-20.2078,57.7625,71.71,65,72,14.67
55,Saint-Andre-Avellin,CA,2022-09-27 20:46:13,45.7168,-75.066,60.98,75,65,5.57
56,Tripoli,LY,2022-09-27 20:42:55,32.8752,13.1875,80.64,71,100,8.37
57,Presidencia Roque Saenz Pena,AR,2022-09-27 20:46:13,-26.7852,-60.4388,82.49,29,70,13.02
58,Alofi,NU,2022-09-27 20:46:14,-19.0595,-169.9187,76.89,88,75,6.91
59,Inirida,CO,2022-09-27 20:46:14,3.8653,-67.9239,84.43,70,100,1.7
60,Provideniya,RU,2022-09-27 20:46:14,64.3833,-173.3,39.31,87,75,8.95
61,Orlik,RU,2022-09-27 20:46:15,52.5178,99.825,40.8,93,100,3.58
62,Shimoda,JP,2022-09-27 20:46:15,34.6667,138.95,67.1,77,15,14.72
63,Bambous Virieux,MU,2022-09-27 20:46:15,-20.3428,57.7575,71.85,60,75,10.36
64,Cayenne,GF,2022-09-27 20:46:15,4.9333,-52.3333,86.04,62,0,12.66
65,Naze,JP,2022-09-27 20:46:16,28.3667,129.4833,72.52,80,2,2.91
66,Alice Springs,AU,2022-09-27 20:46:16,-23.7,133.8833,53.22,75,9,1.99
67,Yellowknife,CA,2022-09-27 20:44:09,62.456,-114.3525,66.72,55,40,10.36
68,Hermanus,ZA,2022-09-27 20:46:17,-34.4187,19.2345,49.8,81,1,4.74
69,Guilin,CN,2022-09-27 20:46:17,25.2819,110.2864,75.31,58,4,5.79
70,Ribeira Brava,PT,2022-09-27 20:46:17,32.65,-17.0667,72.23,74,96,7.92
71,Aykhal,RU,2022-09-27 20:46:18,66.0,111.5,18.0,95,100,7.78
72,Visby,SE,2022-09-27 20:46:18,57.6409,18.296,55.06,94,20,12.66
73,Iberia,US,2022-09-27 20:46:18,29.9502,-91.7507,84.27,24,0,16.11
74,Hilo,US,2022-09-27 20:46:19,19.7297,-155.09,84.27,71,100,8.01
75,Aswan,EG,2022-09-27 20:46:19,24.0934,32.907,93.51,18,24,8.39
76,Kahului,US,2022-09-27 20:45:58,20.8947,-156.47,87.82,61,40,19.57
77,Guane,CU,2022-09-27 20:46:19,22.2025,-84.0875,78.3,88,100,17.72
78,Aitape,PG,2022-09-27 20:46:20,-3.1374,142.3475,77.36,87,100,4.61
79,Maraba,BR,2022-09-27 20:46:20,-5.3686,-49.1178,98.78,34,20,3.44
80,Erzin,TR,2022-09-27 20:46:20,36.9559,36.2,68.76,70,1,2.08
81,Pasni,PK,2022-09-27 20:44:33,25.2631,63.471,78.39,85,6,11.12
82,Fairbanks,US,2022-09-27 20:42:32,64.8378,-147.7164,40.6,92,100,3.44
83,Rauma,FI,2022-09-27 20:46:21,61.1272,21.5113,50.04,81,100,10.69
84,Esperance,AU,2022-09-27 20:46:21,-33.8667,121.9,49.73,82,0,9.6
85,Oistins,BB,2022-09-27 20:46:22,13.0667,-59.5333,82.49,78,40,8.05
86,Simbahan,PH,2022-09-27 20:46:22,6.3032,120.5836,82.96,72,100,8.77
87,Kaitangata,NZ,2022-09-27 20:46:22,-46.2817,169.8464,53.8,77,62,5.21
88,Rock Falls,US,2022-09-27 20:46:23,41.7798,-89.689,63.14,35,0,16.11
89,Staunton,US,2022-09-27 20:46:12,38.1496,-79.0717,68.09,32,75,8.05
90,Sao Filipe,CV,2022-09-27 20:47:23,14.8961,-24.4956,77.97,73,55,5.39
91,Zyryanka,RU,2022-09-27 20:47:23,65.75,150.85,29.7,82,100,6.08
92,Ankpa,NG,2022-09-27 20:47:23,7.3706,7.6253,71.98,95,100,6.51
93,Nisia Floresta,BR,2022-09-27 20:47:24,-6.0911,-35.2086,82.78,68,5,13.15
94,Hithadhoo,MV,2022-09-27 20:47:25,-0.6,73.0833,80.29,77,100,13.62
95,Fortuna,US,2022-09-27 20:47:25,40.5982,-124.1573,65.93,76,91,1.99
96,Iqaluit,CA,2022-09-27 20:47:26,63.7506,-68.5145,37.13,64,75,15.01
97,Pangai,TO,2022-09-27 20:47:26,-19.8,-174.35,75.31,83,75,0.0
98,Shingu,JP,2022-09-27 20:43:30,33.7333,135.9833,70.52,90,91,4.5
99,Cabo San Lucas,MX,2022-09-27 20:43:32,22.8909,-109.9124,95.61,71,0,3.4
100,Kendari,ID,2022-09-27 20:47:27,-3.945,122.4989,74.59,91,96,1.07
101,Lagoa,PT,2022-09-27 20:47:27,39.05,-27.9833,69.55,69,50,17.6
102,Castro,BR,2022-09-27 20:47:28,-24.7911,-50.0119,60.12,98,100,4.34
103,Chuy,UY,2022-09-27 20:47:28,-33.6971,-53.4616,59.23,79,7,6.49
104,Leningradskiy,RU,2022-09-27 20:45:53,69.3833,178.4167,27.72,90,100,2.19
105,Nea Peramos,GR,2022-09-27 20:47:28,38.0076,23.423,76.82,71,92,8.1
106,Dauphin,CA,2022-09-27 20:47:29,51.1494,-100.0502,60.94,44,0,5.75
107,San Cristobal,VE,2022-09-27 20:47:29,7.7669,-72.225,82.58,51,99,5.08
108,Motygino,RU,2022-09-27 20:47:29,58.1831,94.7592,34.88,86,100,7.45
109,Oktyabrskoye,RU,2022-09-27 20:47:29,43.0645,44.7417,48.34,93,68,2.24
110,Bengkulu,ID,2022-09-27 20:47:30,-3.8004,102.2655,75.16,88,89,2.86
111,Morgan City,US,2022-09-27 20:47:30,29.6994,-91.2068,82.99,27,1,14.18
112,Coihueco,CL,2022-09-27 20:47:30,-36.6167,-71.8333,68.74,52,0,8.05
113,Ahipara,NZ,2022-09-27 20:47:31,-35.1667,173.1667,61.56,75,100,12.03
114,Bogovarovo,RU,2022-09-27 20:47:31,58.9785,47.0246,38.71,92,99,7.56
115,Khatanga,RU,2022-09-27 20:47:31,71.9667,102.5,17.76,95,95,4.41
116,Kodiak,US,2022-09-27 20:47:32,57.79,-152.4072,45.91,76,100,0.0
117,Tombouctou,ML,2022-09-27 20:47:32,20.0,-3.0,99.63,12,52,7.63
118,Marsaxlokk,MT,2022-09-27 20:47:32,35.8419,14.5431,74.08,78,20,9.22
119,Impfondo,CG,2022-09-27 20:47:33,1.6381,18.0667,70.14,99,45,2.46
120,Tuktoyaktuk,CA,2022-09-27 20:47:33,69.4541,-133.0374,32.0,100,100,24.16
121,Sinnamary,GF,2022-09-27 20:47:33,5.3833,-52.95,80.96,78,72,13.27
122,Cidreira,BR,2022-09-27 20:47:34,-30.1811,-50.2056,62.74,86,100,13.06
123,Yar-Sale,RU,2022-09-27 20:47:34,66.8333,70.8333,28.4,86,97,9.91
124,Longyearbyen,SJ,2022-09-27 20:43:59,78.2186,15.6401,37.24,87,75,2.3
125,Faanui,PF,2022-09-27 20:47:34,-16.4833,-151.75,78.46,73,3,13.96
126,Saint-Augustin,CA,2022-09-27 20:47:35,51.226,-58.6502,56.88,90,87,9.4
127,Alekseyevka,RU,2022-09-27 20:47:35,50.6309,38.6903,56.17,89,100,12.46
128,Jamestown,US,2022-09-27 20:47:01,42.097,-79.2353,54.01,76,100,14.97
129,Aklavik,CA,2022-09-27 20:47:35,68.2191,-135.0107,32.47,100,100,17.36
130,Ichchapuram,IN,2022-09-27 20:47:36,19.1167,84.7,78.98,86,70,3.33
131,Dikson,RU,2022-09-27 20:47:36,73.5069,80.5464,32.16,65,100,4.97
132,Seoul,KR,2022-09-27 20:44:02,37.5683,126.9778,63.84,94,75,2.3
133,Klaksvik,FO,2022-09-27 20:47:36,62.2266,-6.589,47.32,90,74,19.15
134,Magadan,RU,2022-09-27 20:47:37,59.5667,150.8,42.53,82,100,20.62
135,Bahia Blanca,AR,2022-09-27 20:47:37,-38.7196,-62.2724,59.95,31,0,8.61
136,Kavaratti,IN,2022-09-27 20:47:37,10.5669,72.642,81.84,72,77,15.84
137,Senno,RU,2022-09-27 20:47:38,59.5336,33.9167,43.02,97,94,3.96
138,Mar Del Plata,AR,2022-09-27 20:48:38,-38.0023,-57.5575,55.42,54,0,17.27
139,Mansa,IN,2022-09-27 20:48:38,29.9833,75.3833,76.26,72,0,5.17
140,Gat,IL,2022-09-27 20:48:38,31.61,34.7642,80.4,53,0,4.72
141,Mamallapuram,IN,2022-09-27 20:48:39,12.6264,80.1722,86.05,73,81,4.14
142,Narsaq,GL,2022-09-27 20:48:39,60.9167,-46.05,46.62,93,100,1.9
143,Fershampenuaz,RU,2022-09-27 20:48:39,53.5202,59.8117,28.35,84,98,5.64
144,Abha,SA,2022-09-27 20:48:40,18.2164,42.5053,69.62,24,0,11.5
145,Qaanaaq,GL,2022-09-27 20:48:40,77.484,-69.3632,32.18,99,100,1.97
146,New Norfolk,AU,2022-09-27 20:48:41,-42.7826,147.0587,49.91,84,100,0.36
147,Constitucion,CL,2022-09-27 20:48:11,-35.3333,-72.4167,59.47,64,0,14.83
148,Olinda,BR,2022-09-27 20:45:40,-8.0089,-34.8553,78.53,65,40,12.66
149,Betare Oya,CM,2022-09-27 20:48:41,5.6,14.0833,66.56,97,92,1.54
150,Bagrami,AF,2022-09-27 20:48:41,34.4938,69.2743,60.12,24,0,1.95
151,Skowhegan,US,2022-09-27 20:48:42,44.7651,-69.7192,70.36,74,72,7.72
152,Westport,US,2022-09-27 20:48:42,41.1415,-73.3579,71.82,56,0,13.8
153,Tortoli,IT,2022-09-27 20:48:42,39.9256,9.6572,67.82,45,0,14.97
154,Amuntai,ID,2022-09-27 20:48:43,-2.4177,115.2494,71.94,93,93,1.68
155,Ilulissat,GL,2022-09-27 20:44:14,69.2167,-51.1,42.82,93,75,6.91
156,Balabac,PH,2022-09-27 20:48:43,7.9868,117.0645,80.74,78,100,9.19
157,Pangnirtung,CA,2022-09-27 20:48:44,66.1451,-65.7125,39.2,56,20,14.97
158,Siguiri,GN,2022-09-27 20:48:45,11.6667,-9.5,73.92,91,21,4.56
159,Hohhot,CN,2022-09-27 20:48:45,40.8106,111.6522,48.49,76,0,6.71
160,Georgetown,MY,2022-09-27 20:48:14,5.4112,100.3354,79.9,79,20,7.0
161,Sola,VU,2022-09-27 20:48:45,-13.8833,167.55,80.47,74,3,13.18
162,Victoria,HK,2022-09-27 20:45:11,22.2855,114.1577,84.38,78,99,13.0
163,Cozumel,MX,2022-09-27 20:48:47,20.5083,-86.9458,89.67,82,75,10.0
164,Berlevag,NO,2022-09-27 20:48:47,70.8578,29.0864,48.15,81,100,0.0
165,Vao,NC,2022-09-27 20:48:48,-22.6667,167.4833,74.26,78,5,13.42
166,Tiksi,RU,2022-09-27 20:48:49,71.6872,128.8694,32.14,91,100,21.27
167,Kidal,ML,2022-09-27 20:48:49,18.4411,1.4078,95.67,13,22,5.84
168,Nuuk,GL,2022-09-27 20:48:49,64.1835,-51.7216,43.41,93,100,21.85
169,Keta,GH,2022-09-27 20:48:50,5.9179,0.9879,79.02,87,99,11.39
170,Victoria Point,AU,2022-09-27 20:48:50,-27.5833,153.3,65.91,94,100,1.01
171,Buchanan,LR,2022-09-27 20:48:50,5.8808,-10.0467,77.05,89,59,7.92
172,Airai,TL,2022-09-27 20:48:51,-8.9266,125.4092,60.67,91,99,0.92
173,Shumskiy,RU,2022-09-27 20:48:51,54.8318,99.1328,38.03,96,100,4.43
174,Comodoro Rivadavia,AR,2022-09-27 20:44:36,-45.8667,-67.5,67.86,22,0,20.71
175,Nanortalik,GL,2022-09-27 20:48:51,60.1432,-45.2371,43.66,99,96,8.32
176,Kavieng,PG,2022-09-27 20:48:52,-2.5744,150.7967,82.54,69,70,14.12
177,Sabang,ID,2022-09-27 20:48:52,5.8933,95.3214,80.62,76,100,24.14
178,Aktash,RU,2022-09-27 20:48:52,50.3,87.7333,29.32,84,91,2.75
179,Cabedelo,BR,2022-09-27 20:48:53,-6.9811,-34.8339,79.47,68,4,15.66
180,Makakilo City,US,2022-09-27 20:48:53,21.3469,-158.0858,82.98,57,100,13.8
181,Rezzato,IT,2022-09-27 20:48:53,45.5142,10.3167,60.75,81,0,5.75
182,Smithers,CA,2022-09-27 20:44:25,54.7804,-127.1743,62.92,72,20,3.44
183,Paamiut,GL,2022-09-27 20:48:54,61.994,-49.6678,42.44,95,100,15.61
184,Port Alfred,ZA,2022-09-27 20:49:54,-33.5906,26.891,64.18,99,100,8.01
185,Coihaique,CL,2022-09-27 20:49:54,-45.5752,-72.0662,57.15,44,0,5.75
186,East London,ZA,2022-09-27 20:49:54,-33.0153,27.9116,67.64,92,100,23.6
187,Padang,ID,2022-09-27 20:49:55,-0.9492,100.3543,75.45,88,67,3.69
188,Arraial Do Cabo,BR,2022-09-27 20:49:55,-22.9661,-42.0278,76.96,88,0,9.22
189,Beira,MZ,2022-09-27 20:49:56,-19.8436,34.8389,77.09,88,20,11.1
190,Bow Island,CA,2022-09-27 20:49:56,49.8668,-111.3684,85.26,17,3,4.61
191,Aquiraz,BR,2022-09-27 20:49:56,-3.9014,-38.3911,82.49,77,0,12.93
192,Miri,MY,2022-09-27 20:49:32,4.4148,114.0089,75.34,94,20,0.0
193,Abu Samrah,SY,2022-09-27 20:49:57,35.3029,37.1841,68.41,47,0,7.25
194,Da Lat,VN,2022-09-27 20:49:57,11.9465,108.4419,60.48,95,100,9.06
195,Husavik,IS,2022-09-27 20:49:57,66.0449,-17.3389,37.42,72,71,2.59
196,Yulara,AU,2022-09-27 20:49:58,-25.2406,130.9889,55.11,79,0,9.08
197,Garden City,US,2022-09-27 20:48:39,42.3256,-83.331,62.62,59,40,13.8
198,Havre-Saint-Pierre,CA,2022-09-27 20:45:48,50.2334,-63.5986,59.36,82,20,3.44
199,Marzuq,YE,2022-09-27 20:49:58,14.4,46.4667,77.23,38,5,1.79
200,Ellisras,ZA,2022-09-27 20:49:59,-23.6649,27.7443,76.19,36,0,14.25
201,Makurdi,NG,2022-09-27 20:49:59,7.7411,8.5121,75.36,90,100,5.28
202,Lata,PT,2022-09-27 20:49:59,40.1629,-8.3327,62.82,96,7,3.51
203,Shenjiamen,CN,2022-09-27 20:50:00,29.9576,122.298,72.63,70,76,6.33
204,Cockburn Town,TC,2022-09-27 20:50:00,21.4612,-71.1419,82.8,80,39,17.52
205,Da Nang,VN,2022-09-27 20:49:10,16.0678,108.2208,75.18,100,100,34.52
206,Roquetas De Mar,ES,2022-09-27 20:50:01,36.7642,-2.6148,69.8,59,0,7.74
207,Shu,KZ,2022-09-27 20:50:01,43.5983,73.7614,58.51,35,99,3.76
208,Cookeville,US,2022-09-27 20:50:01,36.1628,-85.5016,71.31,35,0,6.91
209,Marawi,PH,2022-09-27 20:50:02,7.9986,124.2928,69.49,90,100,3.49
210,Kapaa,US,2022-09-27 20:45:43,22.0752,-159.319,83.12,68,40,11.5
211,Portel,BR,2022-09-27 20:50:02,-1.9356,-50.8211,88.12,47,74,4.52
212,Salalah,OM,2022-09-27 20:50:02,17.0151,54.0924,77.95,83,7,1.81
213,Vilcun,CL,2022-09-27 20:50:03,-38.65,-72.2333,61.54,58,0,4.9
214,Madang,PG,2022-09-27 20:50:03,-5.2246,145.7966,75.36,92,98,3.09
215,Pisco,PE,2022-09-27 20:47:01,-13.7,-76.2167,66.25,63,0,17.27
216,Plettenberg Bay,ZA,2022-09-27 20:50:04,-34.0527,23.3716,61.72,88,74,1.5
217,Saldanha,ZA,2022-09-27 20:50:04,-33.0117,17.9442,48.25,88,0,8.03
218,Homer,US,2022-09-27 20:50:04,59.6425,-151.5483,50.77,71,0,6.91
219,Puerto Ayacucho,VE,2022-09-27 20:50:05,5.6639,-67.6236,79.12,87,97,4.85
220,Grindavik,IS,2022-09-27 20:50:05,63.8424,-22.4338,46.35,70,75,6.91
221,Ginda,IN,2022-09-27 20:50:05,30.6945,78.4932,57.43,86,3,5.55
222,Ribeira Grande,PT,2022-09-27 20:50:05,38.5167,-28.7,68.4,77,40,13.8
223,Pierre,US,2022-09-27 20:50:06,44.3683,-100.351,76.86,29,0,6.91
224,Lavrentiya,RU,2022-09-27 20:50:06,65.5833,-171.0,38.26,83,97,8.99
225,Broome,US,2022-09-27 20:50:06,42.2506,-75.833,61.32,81,75,10.36
226,Chimbote,PE,2022-09-27 20:50:07,-9.0853,-78.5783,64.92,74,81,11.65
227,Jinchang,CN,2022-09-27 20:50:07,38.4953,102.1739,61.25,32,14,7.4
228,Hoa Binh,VN,2022-09-27 20:49:02,20.8133,105.3383,76.33,89,100,3.87
229,Sobolevo,RU,2022-09-27 20:50:07,54.4299,31.8996,43.99,90,75,8.57
230,Palmer,US,2022-09-27 20:50:08,42.1584,-72.3287,69.62,55,40,11.5
231,Jacksonville Beach,US,2022-09-27 20:49:52,30.2947,-81.3931,83.07,49,100,11.5
232,Mountain Home,US,2022-09-27 20:49:02,43.133,-115.6912,85.48,15,20,14.97
233,Souillac,MU,2022-09-27 20:51:09,-20.5167,57.5167,71.98,60,75,10.36
234,Codrington,AU,2022-09-27 20:51:09,-38.2667,141.9667,51.93,85,100,12.5
235,Thouars,FR,2022-09-27 20:51:09,46.976,-0.2151,61.2,87,100,19.98
236,Beian,NO,2022-09-27 20:51:10,63.6559,9.5683,56.01,62,0,21.85
237,Los Llanos De Aridane,ES,2022-09-27 20:51:10,28.6585,-17.9182,70.12,78,75,9.22
238,Meulaboh,ID,2022-09-27 20:51:10,4.1363,96.1285,73.02,96,100,2.86
239,Ukiah,US,2022-09-27 20:48:18,39.1502,-123.2078,89.44,40,0,1.01
240,Hobyo,SO,2022-09-27 20:51:11,5.3505,48.5268,77.61,86,23,20.58
241,Ponta Do Sol,PT,2022-09-27 20:51:11,32.6667,-17.1,72.23,75,97,6.87
242,Margate,GB,2022-09-27 20:51:11,51.3813,1.3862,52.7,75,67,5.99
243,Milkovo,RU,2022-09-27 20:51:12,54.7167,158.6167,41.18,97,100,4.5
244,Panama City,PA,2022-09-27 20:50:09,8.9936,-79.5197,85.28,76,40,6.91
245,Omsukchan,RU,2022-09-27 20:51:12,62.5333,155.8,29.55,88,94,1.72
246,Grootfontein,NA,2022-09-27 20:51:12,-19.5667,18.1167,65.77,37,38,2.3
247,Katsuura,JP,2022-09-27 20:51:13,35.1333,140.3,70.25,76,98,17.94
248,Barcelos,PT,2022-09-27 20:48:08,41.5388,-8.6151,64.92,89,1,8.01
249,Hofn,IS,2022-09-27 20:51:13,64.2539,-15.2082,45.64,66,37,2.68
250,Hurricane,US,2022-09-27 20:46:17,37.1753,-113.2899,91.33,23,74,5.14
251,Filadelfia,US,2022-09-27 20:51:01,39.9523,-75.1638,71.98,40,75,12.66
252,Foix,FR,2022-09-27 20:51:13,42.8333,1.5833,51.76,91,100,4.56
253,Tonota,BW,2022-09-27 20:51:14,-21.4833,27.4833,77.5,33,0,18.77
254,Mao,ES,2022-09-27 20:51:14,39.8885,4.2658,66.76,82,40,0.0
255,Thaba Nchu,ZA,2022-09-27 20:51:14,-29.2093,26.839,65.59,45,77,6.93
256,Vallenar,CL,2022-09-27 20:48:09,-28.5708,-70.7581,69.73,29,1,10.49
257,Salinopolis,BR,2022-09-27 20:49:13,-0.6136,-47.3561,81.01,75,43,13.82
258,Kurchum,KZ,2022-09-27 20:51:15,48.5722,83.6542,56.05,41,100,3.87
259,The Pas,CA,2022-09-27 20:51:15,53.8251,-101.2541,62.62,48,0,18.41
260,Billings,US,2022-09-27 20:46:53,45.7833,-108.5007,83.52,31,20,3.44
261,Zwedru,LR,2022-09-27 20:51:16,6.0667,-8.1281,71.76,97,61,1.39
262,Atrauli,IN,2022-09-27 20:51:16,28.0333,78.2833,77.7,74,0,2.66
263,Yuncheng,CN,2022-09-27 20:51:16,35.0231,110.9928,61.63,70,2,2.3
264,Rawson,AR,2022-09-27 20:51:17,-43.3002,-65.1023,63.39,32,0,10.29
265,Enid,US,2022-09-27 20:51:17,36.3956,-97.8784,93.36,22,0,14.97
266,Bagdarin,RU,2022-09-27 20:51:17,54.4333,113.6,24.1,70,43,2.57
267,Morrope,PE,2022-09-27 20:51:18,-6.5417,-80.0111,68.11,64,27,18.07
268,Waingapu,ID,2022-09-27 20:51:18,-9.6567,120.2641,76.51,81,70,1.81
269,Saiki,JP,2022-09-27 20:51:18,32.95,131.9,69.85,89,87,7.23
270,Pacific Grove,US,2022-09-27 20:50:46,36.6177,-121.9166,78.22,77,0,11.99
271,Cherskiy,RU,2022-09-27 20:51:19,68.75,161.3,26.02,73,9,3.87
272,Khartoum,SD,2022-09-27 20:51:19,15.5518,32.5324,92.57,30,89,12.12
273,Shakhovskaya,RU,2022-09-27 20:51:19,56.0283,35.5097,41.67,88,89,6.58
274,Udaipura,IN,2022-09-27 20:51:20,23.0833,78.5,76.6,82,94,1.03
275,Hamilton,US,2022-09-27 20:49:07,39.1834,-84.5333,65.98,40,75,14.97
276,Petropavlovsk-Kamchatskiy,RU,2022-09-27 20:52:20,53.0452,158.6483,41.59,100,75,4.47
277,Ancud,CL,2022-09-27 20:52:20,-41.8697,-73.8203,60.22,69,0,2.62
278,Trinidad,BO,2022-09-27 20:52:21,-14.8333,-64.9,89.58,62,75,3.44
279,Tshane,BW,2022-09-27 20:52:21,-24.0196,21.8684,77.63,19,94,8.34
280,Chokurdakh,RU,2022-09-27 20:52:21,70.6333,147.9167,21.76,88,100,7.09
281,Waipawa,NZ,2022-09-27 20:52:21,-41.4122,175.5153,53.22,65,63,5.79
282,Broken Hill,AU,2022-09-27 20:48:17,-31.95,141.4333,46.2,89,10,16.44
283,Camacha,PT,2022-09-27 20:52:22,33.0833,-16.3333,67.42,64,40,10.36
284,Daru,PG,2022-09-27 20:52:22,-9.0763,143.2092,79.63,87,100,10.51
285,Lakselv,NO,2022-09-27 20:52:23,70.0513,24.9718,44.42,81,100,3.44
286,Sao Joaquim,BR,2022-09-27 20:52:23,-28.2939,-49.9317,54.3,88,100,6.53
287,Urusha,RU,2022-09-27 20:52:23,54.05,122.9,24.37,93,6,4.97
288,Salinas,US,2022-09-27 20:52:23,36.6777,-121.6555,85.01,62,0,5.75
289,Stornoway,GB,2022-09-27 20:52:24,58.2093,-6.3865,46.36,91,75,9.22
290,Lompoc,US,2022-09-27 20:52:24,34.6391,-120.4579,88.7,78,100,12.66
291,Watertown,US,2022-09-27 20:49:12,42.3709,-71.1828,74.34,40,40,19.57
292,Houston,US,2022-09-27 20:50:03,29.7633,-95.3633,92.3,30,0,13.8
293,Dhidhdhoo,MV,2022-09-27 20:52:25,6.8833,73.1,80.98,77,49,16.33
294,Bloomingdale,US,2022-09-27 20:52:25,27.8936,-82.2404,83.86,87,75,7.0
295,Fort Nelson,CA,2022-09-27 20:52:25,58.8053,-122.7002,72.99,49,40,0.0
296,Kulhudhuffushi,MV,2022-09-27 20:52:26,6.6221,73.07,80.62,78,55,16.98
297,Ocala,US,2022-09-27 20:52:26,29.1872,-82.1401,82.27,76,100,3.42
298,Ghanzi,BW,2022-09-27 20:52:26,-21.5667,21.7833,76.28,19,5,9.62
299,Srednekolymsk,RU,2022-09-27 20:52:26,67.45,153.6833,26.11,78,61,10.02
300,Hasaki,JP,2022-09-27 20:52:27,35.7333,140.8333,66.6,67,99,20.24
301,Deputatskiy,RU,2022-09-27 20:52:27,69.3,139.9,19.36,97,100,4.12
302,Emba,KZ,2022-09-27 20:52:27,48.8264,58.1442,50.86,54,100,2.44
303,Novopokrovka,UA,2022-09-27 20:52:28,49.8425,36.5477,56.14,91,100,10.49
304,Calvillo,MX,2022-09-27 20:49:53,21.85,-102.7167,76.14,40,88,11.79
305,Raton,US,2022-09-27 20:52:28,36.9034,-104.4391,81.32,16,0,6.91
306,Geraldton,AU,2022-09-27 20:52:28,-28.7667,114.6,48.61,87,0,5.75
307,Devonport,AU,2022-09-27 20:52:29,-41.1667,146.35,52.23,90,92,2.93
308,Magdagachi,RU,2022-09-27 20:52:29,53.45,125.8,31.35,87,6,8.57
309,Lahij,YE,2022-09-27 20:52:29,13.1667,44.5833,88.66,43,8,3.58
310,Kamenka,RU,2022-09-27 20:52:30,51.3223,42.7678,56.57,80,100,6.8
311,Isangel,VU,2022-09-27 20:52:30,-19.55,169.2667,77.94,77,2,8.61
312,Uvat,RU,2022-09-27 20:52:30,59.1433,68.8953,25.95,96,93,6.71
313,Mayo,US,2022-09-27 20:52:31,38.8876,-76.5119,72.66,43,75,11.5
314,Matamoros,MX,2022-09-27 20:52:31,25.5333,-103.25,83.1,35,45,12.77
315,Sao Raimundo Nonato,BR,2022-09-27 20:52:31,-9.0153,-42.6994,84.09,26,3,3.27
316,Tuatapere,NZ,2022-09-27 20:52:31,-46.1333,167.6833,55.45,72,39,2.17
317,Altoona,US,2022-09-27 20:52:32,40.5187,-78.3947,58.12,73,98,1.01
318,Belmonte,BR,2022-09-27 20:52:32,-15.8631,-38.8828,74.1,83,3,6.11
319,Avera,US,2022-09-27 20:52:32,33.194,-82.5271,81.55,17,59,8.84
320,Auch,FR,2022-09-27 20:52:33,43.65,0.5833,61.25,88,90,5.99
321,San Fernando,PH,2022-09-27 20:52:33,15.0286,120.6898,80.33,93,100,0.67
322,Gazanjyk,TM,2022-09-27 20:52:34,39.2446,55.5154,69.15,25,0,14.61
323,Taoudenni,ML,2022-09-27 20:52:34,22.6783,-3.9836,100.38,15,14,9.69
324,Duku,NG,2022-09-27 20:53:34,11.2361,4.9073,74.77,89,53,4.16
325,Kutum,SD,2022-09-27 20:53:35,14.2,24.6667,81.37,36,14,6.91
326,Blind River,CA,2022-09-27 20:53:35,46.1834,-82.9582,55.51,80,100,14.56
327,Aranos,NA,2022-09-27 20:53:35,-24.1333,19.1167,75.7,19,82,11.18
328,Ouadda,CF,2022-09-27 20:53:35,8.0777,22.4007,65.88,96,90,1.05
329,Wasilla,US,2022-09-27 20:53:36,61.5814,-149.4394,51.19,65,0,6.91
330,Pachino,IT,2022-09-27 20:53:36,36.7186,15.0907,72.45,64,0,14.54
331,Laredo,US,2022-09-27 20:53:36,27.5064,-99.5075,89.89,25,0,9.22
332,Goderich,CA,2022-09-27 20:53:37,43.7501,-81.7165,58.91,94,100,2.3
333,Freeport,US,2022-09-27 20:53:37,40.6576,-73.5832,72.97,50,4,5.01
334,Florianopolis,BR,2022-09-27 20:51:24,-27.6146,-48.5012,69.03,64,75,11.5
335,Gashua,NG,2022-09-27 20:53:37,12.871,11.0482,79.66,58,100,9.04
336,Komsomolskiy,UZ,2022-09-27 20:53:38,40.4272,71.7189,63.32,48,0,0.0
337,Sicuani,PE,2022-09-27 20:53:38,-14.2694,-71.2261,60.69,31,100,11.72
338,Amapa,BR,2022-09-27 20:53:38,1.0,-52.0,84.76,49,99,3.42
339,Ballina,AU,2022-09-27 20:53:39,-28.8667,153.5667,64.02,92,90,9.17
340,Luangwa,ZM,2022-09-27 20:53:39,-15.6167,30.4167,83.86,31,87,6.24
341,Caravelas,BR,2022-09-27 20:53:39,-17.7125,-39.2481,74.08,82,0,8.88
342,Port Pirie,AU,2022-09-27 20:53:40,-33.1833,138.0167,45.21,91,12,3.67
343,Lamar,US,2022-09-27 20:53:40,33.6668,-95.5836,87.89,23,0,0.0
344,Hailey,US,2022-09-27 20:53:40,43.5196,-114.3153,83.98,23,0,9.22
345,Leon,MX,2022-09-27 20:51:49,21.1167,-101.6667,78.15,50,81,15.14
346,Faya,SA,2022-09-27 20:53:41,18.3851,42.4509,69.91,29,0,4.14
347,Kapit,MY,2022-09-27 20:53:41,2.0167,112.9333,72.41,98,97,0.85
348,Pasighat,IN,2022-09-27 20:53:41,28.0667,95.3333,73.74,91,36,2.28
349,Huanren,CN,2022-09-27 20:53:42,41.2647,125.3667,52.32,94,0,3.53
350,Toktogul,KG,2022-09-27 20:53:42,41.8708,72.9402,61.47,47,2,1.16
351,Kushima,JP,2022-09-27 20:53:42,31.4583,131.2333,71.76,94,23,2.68
352,Ganzhou,CN,2022-09-27 20:53:43,28.8184,115.4327,70.41,80,1,4.99
353,Jhajjar,IN,2022-09-27 20:53:43,28.6063,76.6565,78.91,67,0,2.17
354,Luganville,VU,2022-09-27 20:53:43,-15.5333,167.1667,80.51,80,46,10.63
355,Ongandjera,NA,2022-09-27 20:53:43,-17.8833,15.0667,74.25,16,3,14.61
356,Khislavichi,RU,2022-09-27 20:53:44,54.1871,32.1582,46.72,86,100,9.71
357,Pangkalanbuun,ID,2022-09-27 20:53:44,-2.6833,111.6167,73.36,96,100,1.9
358,Omboue,GA,2022-09-27 20:53:44,-1.5746,9.2618,75.31,89,100,5.26
359,Cairns,AU,2022-09-27 20:53:45,-16.9167,145.7667,75.15,85,40,6.91
360,Chitrakonda,IN,2022-09-27 20:53:45,18.1167,82.0833,73.15,93,68,1.74
361,Saint-Pierre,RE,2022-09-27 20:53:45,-21.3393,55.4781,65.88,63,0,6.91
362,Pires Do Rio,BR,2022-09-27 20:53:46,-17.2997,-48.2794,77.32,58,99,2.68
363,Kirensk,RU,2022-09-27 20:53:46,57.7853,108.1119,26.65,96,98,2.57
364,Sept-Iles,CA,2022-09-27 20:51:02,50.2001,-66.3821,54.03,90,75,5.99
365,Burnie,AU,2022-09-27 20:53:46,-41.0667,145.9167,50.76,91,84,5.64
366,Berbera,SO,2022-09-27 20:53:47,10.4396,45.0143,91.62,51,49,6.11
367,Oskemen,KZ,2022-09-27 20:53:47,49.9565,82.6119,51.76,54,100,4.47
368,Lishu,CN,2022-09-27 20:53:47,43.3047,124.3278,61.02,69,4,19.46
369,Pevek,RU,2022-09-27 20:53:48,69.7008,170.3133,28.17,77,75,4.34
370,Shahr-E Babak,IR,2022-09-27 20:53:48,30.1165,55.1186,68.02,12,0,6.78
371,Coyah,GN,2022-09-27 20:53:48,9.75,-13.4167,77.95,90,96,1.16
372,Bollnas,SE,2022-09-27 20:54:50,61.3482,16.3946,51.57,95,100,7.49
373,Gladstone,AU,2022-09-27 20:50:26,-23.85,151.25,64.33,82,75,5.75
374,Brae,GB,2022-09-27 20:54:50,60.3964,-1.353,51.1,89,76,14.0
375,Verkhovazhye,RU,2022-09-27 20:54:51,60.7472,42.0465,42.51,95,100,7.2
376,Umm Lajj,SA,2022-09-27 20:54:51,25.0213,37.2685,89.64,33,2,4.92
377,Maceio,BR,2022-09-27 20:54:51,-9.6658,-35.7353,78.24,73,0,5.75
378,Iquique,CL,2022-09-27 20:51:34,-20.2208,-70.1431,62.64,71,15,7.52
379,Mount Isa,AU,2022-09-27 20:54:51,-20.7333,139.5,62.37,88,100,8.05
380,Corn Island,NI,2022-09-27 20:54:52,12.1694,-83.0418,83.01,71,97,5.46
381,Masvingo,ZW,2022-09-27 20:54:52,-20.0637,30.8277,72.07,43,5,9.31
382,Kuntaur,GM,2022-09-27 20:54:53,13.6667,-14.8833,79.34,81,99,1.41
383,Te Anau,NZ,2022-09-27 20:50:08,-45.4167,167.7167,50.65,81,87,1.45
384,Hope,US,2022-09-27 20:54:53,33.6671,-93.5916,82.08,19,0,6.53
385,Moron,AR,2022-09-27 20:54:53,-34.6534,-58.6198,77.02,41,13,7.94
386,Batagay-Alyta,RU,2022-09-27 20:54:54,67.8006,130.4114,22.33,94,100,3.6
387,Karratha,AU,2022-09-27 20:54:54,-20.7377,116.8463,70.52,42,47,6.55
388,Bungu,TZ,2022-09-27 20:54:55,-7.6337,39.0582,66.65,90,21,2.26
389,Koltubanovskiy,RU,2022-09-27 20:54:55,52.9407,52.0269,46.58,87,100,4.85
390,Mata,PT,2022-09-27 20:54:55,40.683,-7.4592,57.6,79,3,4.5
391,Yeppoon,AU,2022-09-27 20:54:56,-23.1333,150.7333,65.98,78,96,5.03
392,Kampong Thum,KH,2022-09-27 20:54:56,12.7111,104.8887,74.44,93,100,5.46
393,Nantucket,US,2022-09-27 20:54:56,41.2835,-70.0995,73.51,58,4,14.36
394,Kamaishi,JP,2022-09-27 20:54:56,39.2667,141.8833,63.28,61,100,9.26
395,Pangody,RU,2022-09-27 20:54:57,65.85,74.4859,26.78,89,74,9.15
396,Dahuk,IQ,2022-09-27 20:54:57,36.8695,42.994,75.81,18,0,3.18
397,Yasnyy,RU,2022-09-27 20:54:57,51.0333,59.8742,41.0,68,97,7.29
398,Rio Gallegos,AR,2022-09-27 20:54:58,-51.6226,-69.2181,53.28,51,14,30.31
399,Bethel,US,2022-09-27 20:54:58,41.3712,-73.414,69.03,64,32,1.01
400,Doha,QA,2022-09-27 20:54:58,25.2867,51.5333,87.78,56,0,8.05
401,High Level,CA,2022-09-27 20:54:59,58.5169,-117.136,73.51,46,20,5.75
402,Clyde River,CA,2022-09-27 20:54:59,70.4692,-68.5914,35.83,75,20,10.36
403,Talnakh,RU,2022-09-27 20:54:59,69.4865,88.3972,19.33,82,40,4.07
404,Road Town,VG,2022-09-27 20:55:00,18.4167,-64.6167,86.04,70,40,10.36
405,Nioro,GM,2022-09-27 20:55:00,13.35,-15.75,77.27,85,91,3.42
406,Severo-Kurilsk,RU,2022-09-27 20:55:00,50.6789,156.125,49.14,77,16,15.75
407,Phalodi,IN,2022-09-27 20:55:00,27.1333,72.3667,85.82,41,0,11.39
408,La Ronge,CA,2022-09-27 20:55:01,55.1001,-105.2842,71.82,28,40,12.66
409,Sitka,US,2022-09-27 20:52:09,57.0531,-135.33,53.49,94,100,0.0
410,Vila Franca Do Campo,PT,2022-09-27 20:55:01,37.7167,-25.4333,69.19,77,26,10.09
411,Wahiawa,US,2022-09-27 20:55:01,21.5028,-158.0236,81.18,61,75,12.66
412,Tezu,IN,2022-09-27 20:55:02,27.9167,96.1667,73.71,82,17,2.75
413,Riyadh,SA,2022-09-27 20:51:00,24.6877,46.7219,78.94,10,0,6.02
414,Cordoba,AR,2022-09-27 20:55:02,-31.4135,-64.1811,58.05,62,100,16.11
415,Carutapera,BR,2022-09-27 20:53:19,-1.195,-46.02,80.55,74,24,9.75
416,Wanning,CN,2022-09-27 20:55:03,18.8003,110.3967,80.02,89,99,17.16
417,Bure,ET,2022-09-27 20:56:03,10.7,37.0667,55.06,92,54,3.71
418,Roma,US,2022-09-27 20:54:03,43.2128,-75.4557,57.72,94,100,9.08
419,Sao Jose Da Coroa Grande,BR,2022-09-27 20:56:04,-8.8978,-35.1478,74.61,68,5,6.51
420,Flinders,AU,2022-09-27 20:56:04,-34.5833,150.8552,57.18,92,87,5.99
421,Krasnooktyabrskiy,RU,2022-09-27 20:56:04,44.9328,38.3712,64.09,71,100,1.19
422,Kunming,CN,2022-09-27 20:56:05,25.0389,102.7183,62.53,77,40,6.71
423,Palivere,EE,2022-09-27 20:56:05,58.9664,23.8911,47.62,84,11,7.47
424,Weligama,LK,2022-09-27 20:56:05,5.9667,80.4167,78.19,86,97,11.56
425,Inhambane,MZ,2022-09-27 20:56:06,-23.865,35.3833,72.3,93,9,6.78
426,Samarai,PG,2022-09-27 20:56:06,-10.6167,150.6667,81.99,80,100,9.28
427,Balkanabat,TM,2022-09-27 20:56:06,39.5108,54.3671,75.51,22,0,15.75
428,Bayir,TR,2022-09-27 20:56:07,37.2687,28.2167,63.12,65,37,6.29
429,Chengam,IN,2022-09-27 20:56:07,12.3,78.8,77.94,73,97,1.59
430,Qianan,CN,2022-09-27 20:56:07,44.9932,124.0581,61.97,67,8,14.2
431,Mercedes,AR,2022-09-27 20:56:08,-34.6515,-59.4307,76.03,26,21,12.5
432,Bonavista,CA,2022-09-27 20:52:10,48.6499,-53.1147,63.59,90,100,15.95
433,Wanaka,NZ,2022-09-27 20:56:08,-44.7,169.15,49.1,83,96,3.51
434,Nabire,ID,2022-09-27 20:56:09,-3.3667,135.4833,74.37,92,99,3.22
435,Tessalit,ML,2022-09-27 20:56:09,20.1986,1.0114,96.44,12,72,5.68
436,Chioggia,IT,2022-09-27 20:56:09,45.2256,12.2889,60.1,78,56,15.86
437,Bikin,RU,2022-09-27 20:56:10,46.8161,134.26,48.63,87,0,6.33
438,Rio Grande,BR,2022-09-27 20:56:10,-32.035,-52.0986,73.51,84,0,13.13
439,Canutama,BR,2022-09-27 20:56:11,-6.5339,-64.3831,92.48,37,91,3.91
440,San Ramon,US,2022-09-27 20:56:11,37.7799,-121.978,82.83,51,19,8.99
441,Ocos,GT,2022-09-27 20:56:12,14.5094,-92.1933,81.77,76,49,6.87
442,Berdigestyakh,RU,2022-09-27 20:51:54,62.0989,126.6992,28.53,82,100,9.78
443,Luorong,CN,2022-09-27 20:56:12,24.4058,109.6086,76.15,56,26,6.24
444,Lasa,IT,2022-09-27 20:56:13,46.6166,10.7002,46.36,80,21,3.85
445,Noshiro,JP,2022-09-27 20:56:13,40.2039,140.0242,62.47,68,100,6.04
446,Dzhebariki-Khaya,RU,2022-09-27 20:56:13,62.2167,135.8,36.21,99,100,3.02
447,Ugoofaaru,MV,2022-09-27 20:56:14,5.6667,73.0,82.18,73,30,17.34
448,Winnemucca,US,2022-09-27 20:56:14,40.973,-117.7357,86.85,12,13,10.78
449,Portland,US,2022-09-27 20:53:45,45.5234,-122.6762,84.47,53,2,5.99
450,Quelimane,MZ,2022-09-27 20:55:08,-17.8786,36.8883,76.95,88,20,13.0
451,Hambantota,LK,2022-09-27 20:56:14,6.1241,81.1185,78.76,83,96,16.02
452,Okhotsk,RU,2022-09-27 20:56:15,59.3833,143.3,39.0,72,100,9.71
453,Rincon De La Victoria,ES,2022-09-27 20:55:48,36.7172,-4.2758,77.85,35,0,8.88
454,Cap Malheureux,MU,2022-09-27 20:56:15,-19.9842,57.6142,71.47,64,52,7.0
455,Ciro Marina,IT,2022-09-27 20:56:16,39.3732,17.126,70.48,60,0,9.13
456,Quebo,GW,2022-09-27 20:56:16,11.3333,-14.9333,75.85,89,100,3.85
457,Atasu,KZ,2022-09-27 20:56:17,48.6814,71.6433,46.04,70,79,7.78
458,Hukuntsi,BW,2022-09-27 20:56:17,-24.0,21.75,76.68,20,94,7.36
459,Chippewa Falls,US,2022-09-27 20:56:18,44.9369,-91.3929,53.78,62,47,10.96
460,Kupang,ID,2022-09-27 20:56:18,-10.1667,123.5833,77.09,84,87,3.83
461,Cherdyn,RU,2022-09-27 20:57:18,60.403,56.4787,26.06,79,7,2.93
462,Zhuhai,CN,2022-09-27 20:57:19,22.2769,113.5678,84.85,74,20,14.97
463,Vaitape,PF,2022-09-27 20:57:19,-16.5167,-151.75,78.42,74,7,14.05
464,Dongkan,CN,2022-09-27 20:57:19,33.9997,119.8308,65.1,75,100,2.82
465,Nemuro,JP,2022-09-27 20:57:20,43.3236,145.575,61.7,79,100,2.55
466,Voh,NC,2022-09-27 20:57:20,-20.9667,164.7,78.24,68,8,3.96
467,Kumano,JP,2022-09-27 20:57:20,34.3442,132.5894,66.09,90,100,6.11
468,Muros,ES,2022-09-27 20:57:21,42.7762,-9.0603,65.08,83,13,6.82
469,Anito,PH,2022-09-27 20:57:21,12.4497,125.2886,76.8,89,100,3.53
470,Henderson,US,2022-09-27 20:56:13,36.0397,-114.9819,98.83,22,89,3.74
471,Laguna,US,2022-09-27 20:57:21,38.421,-121.4238,91.31,40,0,6.91
472,Port Hardy,CA,2022-09-27 20:57:22,50.6996,-127.4199,55.58,100,100,4.61
473,Tres Lagoas,BR,2022-09-27 20:57:22,-20.7511,-51.6783,82.76,54,92,1.57
474,Challapata,BO,2022-09-27 20:57:23,-18.9,-66.7667,60.08,6,0,22.77
475,Temir,KZ,2022-09-27 20:57:23,49.1414,57.13,49.96,57,100,4.65
476,Fort Frances,CA,2022-09-27 20:53:42,48.5999,-93.4003,53.17,47,0,10.36
477,Shirokiy,RU,2022-09-27 20:57:24,49.758,129.523,44.8,63,100,9.53
478,Mayna,RU,2022-09-27 20:57:24,54.1135,47.6231,47.62,79,100,9.48
479,San Jeronimo,PE,2022-09-27 20:57:24,-11.9472,-75.2829,59.85,54,100,8.32
480,Trincomalee,LK,2022-09-27 20:57:25,8.5711,81.2335,78.21,84,83,11.86
481,Ereymentau,KZ,2022-09-27 20:57:25,51.6199,73.1033,34.52,95,100,11.65
482,Painesville,US,2022-09-27 20:57:26,41.7245,-81.2457,60.46,66,40,20.71
483,Altamira,BR,2022-09-27 20:57:26,-3.2033,-52.2064,91.49,55,40,2.3
484,Lac-Au-Saumon,CA,2022-09-27 20:57:27,48.421,-67.3476,58.33,84,100,5.68
485,Kurilsk,RU,2022-09-27 20:57:27,45.2333,147.8833,57.51,75,100,3.22
486,Pedernales,DO,2022-09-27 20:57:27,18.0384,-71.744,85.98,66,53,4.41
487,Vizianagaram,IN,2022-09-27 20:57:27,18.1167,83.4167,78.31,89,18,0.65
488,Talara,PE,2022-09-27 20:57:28,-4.5772,-81.2719,75.96,57,0,14.97
489,Moerai,PF,2022-09-27 20:57:28,-22.4333,-151.3333,74.07,82,67,11.12
490,Puerto Leguizamo,CO,2022-09-27 20:57:28,-0.1934,-74.7819,88.68,52,81,1.99
491,Guerrero Negro,MX,2022-09-27 20:57:29,27.9769,-114.0611,87.8,47,8,8.39
492,Farah,AF,2022-09-27 20:57:29,32.5,62.5,68.34,21,0,2.71
493,Camrose,CA,2022-09-27 20:57:29,53.0168,-112.8353,73.92,34,15,8.75
494,Betong,TH,2022-09-27 20:57:30,5.7743,101.0723,71.71,98,100,1.45
495,Imperia,IT,2022-09-27 20:57:30,43.9667,7.7833,60.4,72,96,5.08
496,Ciudad Bolivar,VE,2022-09-27 20:57:30,8.1222,-63.5497,89.73,55,100,6.11
497,Taybad,IR,2022-09-27 20:57:31,34.74,60.7756,65.82,31,0,12.59
498,Hami,CN,2022-09-27 20:55:46,42.8,93.45,66.83,33,0,15.17
499,Khromtau,KZ,2022-09-27 20:57:31,50.2503,58.4347,46.72,74,90,6.44
500,Vardo,NO,2022-09-27 20:53:21,70.3705,31.1107,46.38,93,75,3.44
501,Kirakira,SB,2022-09-27 20:57:31,-10.4544,161.9205,81.63,70,53,8.57
502,Neuquen,AR,2022-09-27 20:57:32,-38.9516,-68.0591,66.09,24,0,3.44
503,Vanavara,RU,2022-09-27 20:57:32,60.34,102.2797,27.36,93,100,3.02
504,Plouzane,FR,2022-09-27 20:57:32,48.3833,-4.6167,60.85,91,100,19.57
505,Surt,LY,2022-09-27 20:57:33,31.2089,16.5887,80.8,77,4,9.37
506,Tura,IN,2022-09-27 20:57:33,25.5198,90.2201,72.21,93,77,3.04
507,Biak,ID,2022-09-27 20:58:34,-0.9131,122.8766,75.4,82,39,2.46
508,Nizhniy Kuranakh,RU,2022-09-27 20:58:34,58.8353,125.4869,27.57,82,100,4.72
509,Petrokamenskoye,RU,2022-09-27 20:58:34,57.716,60.6484,23.54,94,54,4.5
510,Santo Antonio Do Ica,BR,2022-09-27 20:58:34,-3.1022,-67.9397,88.03,57,83,2.35
511,Ibirama,BR,2022-09-27 20:58:35,-27.0569,-49.5178,65.61,97,100,3.49
512,Iisalmi,FI,2022-09-27 20:58:35,63.5592,27.1907,44.98,97,100,3.04
513,Nyurba,RU,2022-09-27 20:58:35,63.2842,118.3319,23.65,88,42,4.14
514,San Quintin,MX,2022-09-27 20:58:36,30.4833,-115.95,78.57,67,1,12.59
515,Mianyang,CN,2022-09-27 20:58:36,31.4593,104.7542,62.82,88,100,2.35
516,Solwezi,ZM,2022-09-27 20:58:36,-12.1688,26.3894,67.96,40,50,3.38
517,Gravdal,NO,2022-09-27 20:58:37,68.1214,13.5031,49.89,66,0,1.14
518,Aasiaat,GL,2022-09-27 20:58:37,68.7098,-52.8699,38.12,97,100,5.77
519,Laje,BR,2022-09-27 20:58:37,-10.1833,-40.9667,80.76,24,0,8.23
520,Daltenganj,IN,2022-09-27 20:58:38,24.0333,84.0667,77.68,80,74,3.18
521,Svetlogorsk,BY,2022-09-27 20:58:38,52.6333,29.7333,48.15,95,99,4.85
522,Dandong,CN,2022-09-27 20:58:39,40.1292,124.3947,55.4,86,71,2.42
523,Kangaatsiaq,GL,2022-09-27 20:58:39,68.3065,-53.4641,40.71,94,100,4.7
524,Oussouye,SN,2022-09-27 20:58:40,12.485,-16.5469,78.98,81,77,4.97
525,Skibbereen,IE,2022-09-27 20:58:40,51.55,-9.2667,59.11,90,100,19.24
526,Nome,US,2022-09-27 20:58:40,64.5011,-165.4064,44.17,93,94,9.98
527,Dingle,PH,2022-09-27 20:58:41,10.9995,122.6711,75.47,93,100,1.99
528,Blagoveshchensk,RU,2022-09-27 20:58:41,50.2667,127.5333,45.21,53,20,4.47
529,Chanute,US,2022-09-27 20:58:41,37.6792,-95.4572,88.45,15,1,6.73
530,Rocha,UY,2022-09-27 20:56:15,-34.4833,-54.3333,59.09,81,0,6.49
531,Bathsheba,BB,2022-09-27 20:58:42,13.2167,-59.5167,83.01,94,40,8.05
532,San Rafael,AR,2022-09-27 20:58:42,-34.6177,-68.3301,64.53,31,95,11.01
533,Ovalle,CL,2022-09-27 20:58:42,-30.5983,-71.2003,69.75,42,38,8.05
534,Araouane,ML,2022-09-27 20:58:43,18.9048,-3.5265,100.11,12,34,2.24
535,Zhezkazgan,KZ,2022-09-27 20:58:43,47.8043,67.7144,48.0,60,8,8.12
536,Robertson,US,2022-09-27 20:58:43,36.5167,-86.8667,76.75,26,0,10.36
537,Hadejia,NG,2022-09-27 20:58:43,12.4498,10.0444,77.65,54,100,14.76
538,Najran,SA,2022-09-27 20:58:44,17.4924,44.1277,77.65,26,0,3.56
539,Nam Som,TH,2022-09-27 20:58:44,17.7704,102.1895,72.77,91,77,3.33
540,Kirchhain,DE,2022-09-27 20:58:45,50.8167,8.9667,47.41,93,100,6.76
541,Bandarbeyla,SO,2022-09-27 20:58:45,9.4942,50.8122,77.9,84,91,17.58
542,Mahebourg,MU,2022-09-27 20:55:08,-20.4081,57.7,71.89,60,75,10.36
543,Mount Gambier,AU,2022-09-27 20:58:24,-37.8333,140.7667,51.28,80,97,7.67
